{
    "K_l_new": [
        [
            711.1175576690534,
            0.0,
            639.3105211913626
        ],
        [
            0.0,
            711.2438387122527,
            360.43882360414824
        ],
        [
            0.0,
            0.0,
            1.0
        ]
    ],
    "D_l_new": [
        [
            -0.0015938939865669498,
            0.0028224105807331387,
            0.0002556955422486311,
            0.00013007469666997755,
            -0.001599540389323881
        ]
    ],
    "K_r_new": [
        [
            710.6554748159108,
            0.0,
            639.2806469158762
        ],
        [
            0.0,
            710.8552816744798,
            359.67242720917665
        ],
        [
            0.0,
            0.0,
            1.0
        ]
    ],
    "D_r_new": [
        [
            -0.0015857195488494557,
            -0.0010533672011632834,
            -0.00010413664678038254,
            -0.0005730280265253053,
            0.004481784580270702
        ]
    ],
    "R": [
        [
            0.9999999830713745,
            -0.00015530319626073883,
            9.868215584453013e-05
        ],
        [
            0.00015519829704960044,
            0.999999423906293,
            0.0010621207891564524
        ],
        [
            -9.884704974772731e-05,
            -0.0010621054558736713,
            0.9999994310804688
        ]
    ],
    "T": [
        -12.501357160994143,
        0.00017534139247348335,
        -0.0055885693022728064
    ],
    "E": [
        [
            8.500044593117511e-07,
            0.0055883798516836135,
            0.00018127702835592607
        ],
        [
            -0.0068242914808729046,
            -0.013276891723842103,
            12.501349497235822
        ],
        [
            -0.002115530731700313,
            -12.501349931809877,
            -0.013277968636428385
        ]
    ],
    "F": [
        [
            -3.067053058958369e-10,
            -2.0160852283221057e-06,
            0.0006803574067126695
        ],
        [
            2.4617024896396256e-06,
            4.788475772982694e-06,
            -3.2101323829290402
        ],
        [
            -0.00034273693602969685,
            3.204647397944613,
            1.0
        ]
    ]
}